Price(z≈Ç), NumberOfRooms, Area(m^2)
"349000","2","35.5"
"649500","3","60"
"569000","4","67.5"
"288500","1","25.28"
"599000","3","45"
"790000","3","52.33"
"799000","3","61"
"599000","2","53.4"
"330000","2","35.63"
"299000","1","23.6"
"480000","2","34.5"
"320000","2","35"
"350000","1","28"
"799000","3","65"
"495000","2","41.32"
"820000","3","67"
"385000","2","36.97"
"369900","1","34"
"529550","3","44.5"
"499900","2","61.01"
"493000","2","43.18"
"486799","3","45.5"
"495000","1","41.68"
"499000","1","30"
"719000","2","51.54"
"454000","3","45.44"
"849768","4","70"
"679000","4","70.4"
"960000","3","58.72"
"429000","1","38"
"299000","1","21"
"205000","1","16.3"
"619000","2","48.2"
"830000","3","62.58"
"758000","3","59.24"
"199000","1","32"
"257000","1","27.1"
"245000","2","25.2"
"250000","2","23.8"
"299000","2","35.2"
"620000","2","49"
"495000","3","49.72"
"180000","1","12"
"289000","2","25"
"262000","1","21"
"209000","1","16"
"599000","3","65.77"
"1079000","2","49.8"
"628000","3","55.51"
"770000","2","51.5"
"370000","1","24"
"360000","2","39.8"
"545000","3","51.88"
"625000","2","54.4"
"329000","1","24.69"
"719000","3","48.3"
"445000","2","49.43"
"449000","2","36.5"
"1099000","2","46"
"519000","3","48"
"510000","3","43"
"599000","2","32.1"
"749000","2","41.28"
"1229000","3","65"
"1500000","3","97.6"
"430000","2","39.97"
"538500","2","45.64"
"2599000","3","93.85"
"950000","3","62.5"
"605000","3","68"
"456000","2","38.22"
"610000","3","59.44"
"480000","1","27"
"635000","2","43.4"
"599000","3","62.5"
"780000","2","49.5"
"282500","1","22.6"
"889000","3","62.5"
"780000","3","66.24"
"1190889","1","63.01"
"986900","3","71"
"1646480","4","74.84"
"667004","2","52.52"
"623000","2","47.56"
"449000","2","41.16"
"2650000","3","97"
"950000","3","58.29"
"590000","3","40"
"350000","1","23.21"
"765000","3","66.6"
"579900","2","37"
"419999","1","32.5"
"709000","2","42.75"
"599000","3","56.02"
"550000","2","55"
"1950000","3","82.39"
"459000","2","49"
"399000","2","49"
"579000","3","62.4"
"375000","1","33.69"
"579000","3","62.4"
"2100000","3","79"
"2100000","3","88"
"499750","2","37"
"595000","3","58.58"
"519934","2","34.2"
"550000","2","52.59"
"710000","4","70.45"
"965000","3","69"
"570000","2","51.69"
"689000","3","56.4"
"569999","2","63.4"
"847000","4","74"
"2700092","5","194"
"458000","2","50.2"
"548000","4","54.5"
"468000","3","44.45"
"169000","1","20.57"
"619000","2","50.8"
"645000","2","51.29"
"545000","3","56"
"554300","3","55.42"
"795000","4","92.52"
"749000","3","69.86"
"799000","3","85.96"
"709000","2","29.35"
"360000","2","37.95"
"1450000","4","119.95"
"979811","3","70.49"
"680000","4","81.24"
"265000","1","26"
"598000","3","52.16"
"545000","3","54"
"499000","2","39.31"
"399000","2","25.68"
"419000","2","27.93"
"615000","3","63.7"
"405000","1","29.55"
"169000","1","20.57"
"999000","6","114"
"499000","2","42.18"
"2400000","4","117"
"485000","2","39.5"
"360000","2","37"
"479000","2","42"
"1180000","2","67.18"
"1070000","3","69"
"459000","2","37"
"639000","4","58"
"599000","2","47"
"360000","1","34.64"
"818000","2","57"
"395000","2","40.66"
"899900","4","67"
"763695","3","56.57"
"598000","3","75"
"545000","3","56"
"326720","1","24"
"360000","2","37"
"598000","3","75"
"1150000","3","75"
"444044","2","36.16"
"809968","4","65.32"
"990000","3","106"
"735000","4","93.05"
"583660","2","38"
"2550000","3","100"
"549000","3","55"
"560000","2","56.6"
"945000","3","50.05"
"995830","1","29.29"
"359000","2","37"
"660000","2","64.18"
"575000","2","56"
"410000","1","33.3"
"550000","2","44.78"
"730000","3","61.25"
"503790","3","47.98"
"430000","2","38.46"
"528561","2","50.58"
"469000","2","42.49"
"620760","3","62.83"
"484000","2","48.4"
"422478","2","43.11"
"547707","4","68.33"
"493120","3","61.64"
"425000","2","35.53"
"560000","1","34.07"
"554900","3","46"
"449000","2","35"
"450000","2","35"
"1000000","4","96.47"
"2749000","3","96"
"836148","2","35.43"
"749000","3","72"
"319000","1","22"
"459000","1","36.37"
"2519960","7","172.6"
"479000","3","56"
"575000","4","72"
"1487109","3","67.29"
"799000","4","77.31"
"625000","4","63"
"541296","2","50"
"549000","2","50"
"727000","3","82"
"880000","3","102"
"1285000","3","68"
"585000","1","37.79"
"499000","6","166.3"
"1099000","3","96"
"619000","1","35"
"889000","3","62.5"
"1190000","3","64"
"575000","2","52"
"505000","3","44.26"
"660000","3","62.9"
"769000","2","61.44"
"480000","2","39.38"
"399000","1","40.69"
"1050000","4","133"
"495000","2","45"
"409014","2","43.98"
"799000","3","64.09"
"999000","3","101.5"
"399000","2","41"
"415000","2","52.9"
"1200000","3","74.7"
"660000","2","50"
"649000","2","55"
"775000","3","62"
"450000","3","49.47"
"465500","3","49.47"
"599367","1","24.87"
"554900","3","46"
"629000","3","56.08"
"485433","2","41.49"
"529000","2","36"
"742455","3","70.71"
"620000","2","49"
"794200","3","64"
"1800000","6","126"
"604000","3","63.7"
"1200000","2","90"
"205000","1","19.7"
"524880","3","58.32"
"269000","2","33.6"
"239000","1","24.5"
"579990","2","46"
"459000","1","36.37"
"269000","2","33.6"
"715000","3","60.96"
"678800","3","59.9"
"349000","2","35.5"
"450000","2","44"
"115000","1","12.5"
"490000","2","49"
"600000","1","35"
"1300000","3","113.5"
"1229000","3","65"
"490000","2","36.6"
"459000","2","52.77"
"879000","3","50.83"
"755000","3","63.11"
"719000","1","35.77"
"338000","2","37.6"
"1352000","3","72.3"
"840000","2","42"
"649000","3","60"
"499000","2","47"
"360000","2","37"
"623583","4","52"
"667000","3","48"
"599000","3","56.02"
"169000","1","20.57"
"730000","3","61.25"
"749000","3","60.79"
"580000","3","60"
"410000","1","25"
"337000","2","36"
"783600","2","55.98"
"355000","1","32"
"619000","2","56.24"
"469000","2","55.28"
"544000","3","62"
"619000","3","50.53"
"693800","3","69.38"
"699000","3","87.18"
"649900","3","60"
"420000","3","47.5"
"495000","2","44.2"
"439000","3","44"
"399000","2","38.5"
"699000","3","62"
"499900","2","41.33"
"1100000","3","77"
"460000","2","37.3"
"440000","2","48.44"
"945000","3","63.25"
"547000","2","44"
"439000","2","47.44"
"275000","2","26.6"
"230000","1","20.1"
"299000","2","35.2"
"1500000","3","98"
"329000","2","36.5"
"170000","1","14.26"
"450000","2","36"
"990000","10","213.6"
"370000","1","33.55"
"577000","3","54.4"
"620223","1","47.46"
"599000","2","49.54"
"499000","3","44.28"
"540000","3","38"
"670000","1","35.78"
"500000","2","43.63"
"2490000","3","100"
"879000","3","54"
"749000","3","51.5"
"647900","3","54"
"1298000","3","70.5"
"1149000","3","68.1"
"520000","3","62"
"399000","2","38.5"
"478995","2","47.58"
"795000","1","46.2"
"848994","3","68.68"
"675000","3","58.9"
"1300000","3","71"
"680000","3","47.25"
"434000","1","35.1"
"740000","3","92"
"380000","2","30.25"
"520000","2","42.44"
"899000","3","73.83"
"520000","3","47.16"
"659000","3","67.2"
"600000","2","50.5"
"1570000","2","92.49"
"599925","2","36.43"
"755055","2","58.22"
"599000","2","49.54"
"435000","2","45"
"799900","3","58"
"489932","1","30.45"
"569948","3","51.2"
"699000","3","61.2"
"709000","3","59.27"
"925000","3","70.4"
"699000","2","33.33"
"155000","1","15.6"
"540000","3","59"
"440000","2","36.7"
"729000","2","48"
"435000","2","51"
"730000","2","58.25"
"350000","1","35.26"
"649500","3","60"
"499000","3","47"
"439000","1","32"
"570000","3","52.1"
"368550","1","24.57"
"680000","4","86.5"
"484000","3","44"
"555000","2","48.12"
"1100000","3","66"
"524000","3","44"
"399000","2","38.5"
"702000","2","54.4"
"529000","2","35"
"629000","2","38.5"
"439000","2","33.5"
"518500","2","40"
"790000","3","60.2"
"1149000","3","68.1"
"895000","2","54"
"836000","3","76"
"648000","2","55"
"380000","2","41.03"
"879000","2","51.5"
"627000","2","48.24"
"660000","2","43.5"
"780000","3","66.24"
"969000","2","45"
"449000","2","41.16"
"699000","3","64.21"
"359000","2","37"
"780000","3","60"
"475000","2","52"
"569000","4","67.5"
"399000","2","34.22"
"520000","3","62"
"329000","2","39.5"
"399000","2","39.5"
"694000","4","71.1"
"418000","2","47.96"
"490000","2","46.76"
"850000","3","75"
"449000","2","41.16"
"499000","2","36.3"
"495000","1","42.1"
"449000","2","36.73"
"319000","1","28.17"
"1250000","3","62"
"515000","2","39.31"
"465000","3","45"
"840000","2","44"
"415900","2","52"
"465000","2","40.2"
"620000","2","49"
"790000","3","53"
"435000","2","41"
"550000","2","50"
"499000","2","47"
"635000","3","47"
"442000","1","36"
"735000","3","68"
"654000","3","49"
"689000","3","50"
"590000","2","54.5"
"725000","2","56"
"437000","1","35"
"1490000","4","157.2"
"1462000","3","68"
"529000","2","36"
"540000","3","38.95"
"195000","2","53"
"839000","1","27"
"499750","2","37"
"1139000","3","94"
"693000","2","42"
"369000","1","26"
"469000","2","30"
"1290000","4","108.32"
"489000","3","43.69"
"619000","3","48"
"719000","5","103"
"1175000","3","77.6"
"1079000","5","97.8"
"310000","1","24"
"599000","3","56.02"
"599000","2","55.13"
"390000","2","39.96"
"435000","2","51"
"759000","3","46"
"730000","3","67"
"1200000","4","85.74"
"699000","3","61"
"1490000","3","100"
"1190000","1","52.49"
"570790","2","51.89"
"585000","2","44"
"425000","2","44"
"448000","2","37.7"
"369000","1","25"
"680000","4","86.5"
"789000","4","70.91"
"160000","1","14"
"130000","1","10.5"
"610000","2","51"
"155000","1","15.6"
"265000","1","34.32"
"279000","2","31.3"
"1300000","4","11677"
"719000","2","54.2"
"1020000","5","72"
"728000","3","52"
"399000","2","32.05"
"725000","3","63"
"750264","3","58.16"
"179000","1","17.2"
"629000","2","57.78"
"549000","3","52.19"
"1105133","3","74.17"
"170000","1","14.26"
"380000","2","33"
"555000","2","52"
"1429000","4","86"
"460000","2","38"
"569000","2","33"
"569000","4","67.5"
"669000","3","61.5"
"479000","3","55"
"884000","3","63.5"
"369000","2","35.5"
"1079000","2","61"
"699000","2","53.9"
"489000","3","44.54"
"775000","3","69.24"
"660000","3","64.75"
"449000","2","47.75"
"619000","2","50.8"
"2393175","3","93.85"
"598000","2","53.34"
"555000","3","50"
"498000","3","52"
"1600000","4","98.6"
"525000","2","42.54"
"569000","4","65"
"554900","3","48.26"
"750000","4","63"
"877000","3","60.5"
"1679000","4","120"
"775000","4","60.1"
"685000","2","50"
"967000","2","53"
"405000","1","29.55"
"599925","2","36.43"
"1300000","4","87.52"
"690470","3","58.71"
"755000","3","63.12"
"719000","1","36"
"613000","2","49.1"
"749000","4","71.96"
"579000","2","58"
"855000","4","84"
"735000","3","66.91"
"540000","3","59"
"1070000","6","114"
"545000","3","53"
"510000","2","46.4"
"399000","2","34.22"
"675000","3","58.9"
"470000","2","37.14"
"1580000","2","80"
"629000","3","54.7"
"369000","2","35"
"815250","2","32.61"
"550000","3","55"
"399000","1","34"
"549949","2","37.55"
"877000","3","60.34"
"967000","2","52.67"
"1687000","4","138.46"
"740000","3","72"
"529550","3","44.5"
"320000","2","34.88"
"620000","2","53.6"
"540000","3","56.4"
"390000","2","37.05"
"499000","3","44.28"
"800000","1","30.87"
"319000","1","22"
"369000","1","28.1"
"510000","3","47.7"
"667000","3","48"
"470000","2","38.4"
"789867","4","67.51"
"459000","1","36.37"
"699000","2","38"
"353000","2","36.42"
"399000","2","32.05"
"398000","2","45.59"
"420000","2","42"
"1200000","3","50"
"1080000","2","45"
"495000","2","38"
"1097910","4","66.54"
"2000000","4","83"
"593900","4","54"
"780000","3","66.24"
"1099000","4","126.5"
"1159455","4","70.27"
"480000","3","45.8"
"650300","1","37.16"
"599000","1","39.2"
"690000","3","55"
"750000","4","106"
"1299999","2","60.8"
"487000","2","53"
"1089330","3","66.02"
"698000","3","60.78"
"419000","2","43"
"569000","4","65"
"549999","3","48"
"659000","1","33.04"
"414000","3","54.8"
"499500","2","41"
"365000","2","30.84"
"570000","2","41.15"
"643572","3","54.54"
"340000","3","28"
"486000","2","27"
"590000","2","40.67"
"667000","3","48"
"245000","1","17"
"1479600","3","98.64"
"659000","3","63.47"
"479720","3","47"
"499000","2","39.56"
"449000","1","33"
"515000","2","55.29"
"689000","3","52"
"359990","1","27"
"440000","2","36.7"
"863824","4","69.2"
"899000","3","65.73"
"739000","2","47"
"1050000","6","95"
"520000","1","30"
"850000","2","59.04"
"812000","3","61"
"650000","3","50"
"529999","3","49"
"795000","2","80"
"619000","2","56"
"482000","2","45.5"
"499000","1","26.35"
"599000","2","55.37"
"849000","3","69"
"499000","3","55.83"
"440000","2","37"
"684000","3","60.36"
"710000","3","61"
"2320000","2","83.87"
"519000","2","51.38"
"579000","2","49.17"
"460000","2","54"
"550000","3","59"
"470000","2","50"
"545000","3","53"
"470000","2","38.4"
"1050000","2","48"
"499000","2","47"
"369000","1","26"
"789000","2","53.04"
"690000","3","74"
"799000","4","74"
"475000","2","40"
"840000","3","83"
"1150000","7","200"
"720000","4","125"
"435000","3","75"
"930000","2","58"
"997230","4","76.71"
"683663","3","65.21"
"662000","2","41.35"
"914000","2","59"
"449000","2","39"
"683663","3","65.21"
"489000","2","51"
"889000","2","50.95"
"529000","2","37.1"
"469000","2","37.3"
"465000","2","38"
"450000","2","45"
"415000","4","39"
"550000","1","36.84"
"360000","2","37"
"535000","3","61"
"395000","1","30"
"560000","2","51.5"
"579000","2","35.27"
"299000","1","23.3"
"495000","3","49.72"
"449000","2","49"
"590000","3","54.29"
"699000","4","72"
"648000","2","51"
"859000","3","78.16"
"360000","1","36.5"
"799000","3","165"
"499000","2","47"
"1050000","3","73.28"
"986900","3","71"
"799000","3","165"
"560000","2","39.41"
"699000","4","62"
"1220000","2","61"
"602000","2","43"
"563000","2","51.98"
"599000","2","45"
"799000","2","37.58"
"645000","2","51.29"
"439000","2","42.37"
"1050000","3","73.28"
"579000","3","48"
"442000","1","36"
"665000","3","66.5"
"550000","2","54.8"
"415000","2","36.12"
"879000","3","84.7"
"485000","2","39.4"
"697000","3","45"
"335000","1","32.19"
"549000","3","50.24"
"580000","4","63.42"
"449000","2","52.43"
"498000","3","43.47"
"809000","2","65.83"
"485000","3","54.25"
"559000","2","33"
"450000","1","25.3"
"475000","3","47.5"
"759999","3","102"
"579990","2","46"
"340000","2","30"
"545000","3","47.9"
"370000","1","35.12"
"797000","3","66.81"
"535000","3","60.7"
"889000","3","62.5"
"620000","2","49"
"499000","3","44.28"
"949000","3","87.82"
"189000","1","15"
"489000","2","45"
"1150000","5","232.1"
"699000","3","64.92"
"368550","1","24.5"
"630000","2","53"
"385000","1","28"
"493000","2","39.5"
"369000","1","25"
"684000","3","60"
"890000","4","89.2"
"809968","4","65.32"
"455000","2","44"
"439000","2","37"
"1480000","4","99"
"748000","3","55.06"
"1500000","3","64.1"
"410000","2","37.57"
"775000","3","64.52"
"800000","2","41"
"570000","2","48"
"650000","4","65"
"535000","3","60.7"
"449000","2","40"
"459000","2","50"
"554999","3","63.5"
"549000","2","40.51"
"670000","3","54.48"
"530000","3","58.99"
"849000","5","87"
"689000","3","63"
"680000","2","44"
"850000","3","95.33"
"529999","3","45"
"2110000","5","126.7"
"479000","2","40"
"810000","4","63"
"604000","3","63"
"395000","2","30"
"299000","1","23.3"
"780000","3","66.24"
"470000","2","40.25"
"449720","2","32"
"326720","1","24"
"479000","1","30"
"660000","2","42"
"569000","4","65.32"
"520000","3","62"
"649000","2","40"
"479000","2","40"
"545000","3","56"
"485233","3","47.11"
"340000","2","36"
"399000","2","33"
"550000","3","50"
"299000","2","23.3"
"350000","1","22.5"
"699000","3","64.21"
"395000","2","29.9"
"589000","3","63.1"
"535000","2","39"
"899000","3","77.28"
"399000","1","34.1"
"429000","2","39.2"
"619000","3","64"
"486799","3","46"
"949000","4","70.4"
"375000","1","27.6"
"688000","3","56"
"1030000","5","96.54"
"1099000","4","105"
"725000","3","63"
"1150000","5","228"
"650000","2","52"
"350000","1","35.26"
"1089330","3","66.02"
"98195090","2","49.1"
"684000","3","60.36"
"549000","3","55"
"320000","1","18.5"
"795000","2","43.63"
"548000","3","52.2"
"598000","3","75"
"719000","3","70"
"429000","2","47"
"429000","1","37.02"
"560000","3","59.08"
"589000","2","66.22"
"765000","3","66.6"
"1099000","4","99"
"551000","3","69"
"400000","2","28"
"1180000","4","113"
"550000","2","50.1"
"540000","2","54"
"350000","1","27.6"
"599000","2","46.33"
"497000","2","38.8"
"529000","2","52.2"
"548000","3","52.2"
"495000","3","49.72"
"390000","2","32"
"839000","3","78.49"
"529000","3","52"
"339000","2","36"
"440000","2","44"
"335000","2","30.96"
"344500","2","34.7"
"627000","2","48.24"
"480000","2","36.65"
"680000","3","66.87"
"670000","3","56.8"
"750000","4","85"
"730000","3","61.25"
"889000","3","62.5"
"599925","2","36.43"
"419989","2","52.08"
"1050000","2","83"
"459000","3","57.5"
"920000","3","66"
"1050000","3","79"
"665000","3","48.8"
"318000","1","32.5"
"399000","2","34.35"
"280000","2","37.5"
"287000","2","38.5"
"535300","2","44.61"
"849000","3","64"
"497000","2","46.5"
"589000","3","61.48"
"699000","2","53"
"130000","1","13.5"
"220000","1","29"
"745000","3","75"
"699000","3","60"
"969000","3","59"
"486799","3","45.5"
"427000","2","34.57"
"415000","4","38.9"
"694000","2","47.25"
"750000","2","52"
"350000","1","23.21"
"490000","2","37"
"267000","1","24.5"
"899000","4","135"
"455000","1","34"
"525000","3","64.27"
"369000","2","35.39"
"450000","1","25"
"1687000","4","138"
"1350000","3","90"
"457000","2","48"
"265000","1","26"
"1159455","4","70.27"
"640000","3","55"
"457000","2","48"
"489000","2","48.04"
"649000","3","54.65"
"369000","1","23.16"
"650000","2","42"
"469000","3","47"
"400000","2","38.2"
"558000","2","47.09"
"420000","1","33.9"
"450000","2","45"
"539000","3","55.7"
"589000","2","52.77"
"539000","2","46.56"
"859000","2","38.7"
"579000","3","65"
"699000","3","73.2"
"419000","2","35.9"
"738000","3","54"
"679000","3","66.3"
"795000","2","53"
"549000","3","52.19"
"485000","2","46.17"
"719900","2","58.2"
"438000","1","35"
"629900","2","48.16"
"4950000","8","330"
"1190000","3","71"
"740000","3","68.5"
"610000","2","47"
"530000","2","40.59"
"2150000","3","78"
"439000","2","33.5"
"922600","2","48.56"
"415000","2","50.5"
"410000","2","36.36"
"548000","3","52.19"
"279000","2","31.3"
"479000","2","40"
"369000","2","35.39"
"479000","2","44.74"
"545000","3","53.3"
"1290000","3","58"
"370000","2","46.4"
"543000","3","56"
"685000","2","45.55"
"748000","3","57.99"
"1099000","2","57.22"
"369000","1","25"
"540000","2","54.14"
"465000","2","46"
"635000","3","57.57"
"400000","2","39"
"549000","3","87.4"
"369000","1","25"
"730000","3","74"
"667000","3","56"
"629000","3","61"
"529000","3","44.3"
"520000","2","43"
"690000","3","63"
"415000","1","33"
"570000","3","48.99"
"864000","2","54"
"650000","3","55.5"
"399990","2","45"
"450000","3","53.04"
"429000","3","47.1"
"635000","3","57.57"
"599000","2","47.7"
"555000","2","50"
"627000","2","48"
"830000","3","61"
"491114","1","29.06"
"370000","2","41"
"520000","2","42"
"269000","2","33.6"
"1500000","3","98"
"419000","2","43"
"599000","2","48"
"544998","3","55.3"
"587000","2","48.98"
"550000","3","62.51"
"1645787","3","74.47"
"949000","2","54.48"
"1038636","3","88.02"
"562950","2","41.7"
"1047960","2","51.12"
"936000","3","70.22"
"385000","2","37"
"659000","3","54"
"495000","3","49.72"
"470000","2","48"
"735000","3","58"
"525000","2","43"
"330000","2","36"
"459000","2","45.5"
"462000","2","42.49"
"803000","4","80.92"
"499000","3","45.68"
"975000","4","111"
"429000","2","34.57"
"530000","3","58.32"
"549000","6","65"
"1260000","3","101"
"360000","2","37"
"1334760","3","63.56"
"380000","2","36"
"780000","3","71.7"
"567000","3","63"
"675000","2","40.1"
"897000","3","49.86"
"699000","1","40"
"899000","3","73.5"
"1085000","2","62"
"369000","2","35.39"
"789000","2","53.04"
"485433","2","41.49"
"625000","3","68.06"
"998000","5","99.39"
"639000","2","57"
"605000","3","63.3"
"540000","2","54.14"
"1217000","2","44.01"
"297000","2","34"
"1100000","3","62.36"
"363000","2","30.75"
"429000","2","34.57"
"490000","3","50"
"1180000","2","67.18"
"1200000","4","85.76"
"640000","2","48.47"
"637000","4","63.7"
"1550000","3","91"
"599000","2","48"
"399000","2","36"
"499000","2","36"
"455000","2","44"
"369000","1","34"
"125000","3","53"
"820000","2","52.33"
"475000","2","50.15"
"380000","2","61"
"1050000","4","78.75"
"39561124","1","24.19"
"1199000","4","91.11"
"544500","2","53"
"233000","1","17.3"
"222000","1","16"
"667000","3","48"
"1200000","3","90"
"810000","3","73.36"
"669000","2","52.74"
"569999","2","48.82"
"269000","2","33.6"
"667000","3","48"
"449000","2","36"
"359000","2","31"
"399000","2","38.8"
"379000","2","37.58"
"799000","3","70.79"
"787500","3","59.76"
"649000","3","57.1"
"649000","2","47.08"
"899000","2","64.28"
"770000","1","29.75"
"380000","1","35.42"
"649000","2","48.34"
"549000","3","53"
"669000","3","67"
"699000","2","77"
"669000","2","52.47"
"437000","2","47.93"
"349000","1","36.48"
"335000","2","37"
"600000","2","50.5"
"778620","3","60.2"
"691600","3","76"
"710000","2","72"
"850000","5","85.5"
"678740","3","60"
"415000","1","34.7"
"845000","4","87"
"410000","2","48"
"225000","1","23.1"
"409000","3","55"
"962000","4","74"
"699000","3","59.2"
"709000","4","76"
"817000","1","28.3"
"519000","3","64.41"
"299000","1","23.3"
"950000","3","72"
"419999","1","32.5"
"499750","2","37"
"439000","2","33.5"
"1365000","4","76.25"
"429000","1","27"
"550000","3","65.27"
"315000","1","24"
"900000","3","74"
"395000","2","45"
"864000","2","53.5"
"1168000","3","73"
"797000","3","66.5"
"550000","3","56"
"299000","1","23.3"
"395000","2","29.9"
"538998","2","49.08"
"590000","2","42"
"850000","2","49.53"
"765000","2","60"
"430000","2","42"
"385000","2","37"
"319000","1","30.5"
"765000","2","46"
"920000","6","110"
"1200000","2","43.79"
"399000","2","39"
"732290","3","56.33"
"499239","1","19.89"
"889000","3","62.5"
"880000","2","45.48"
"499000","2","37"
"520000","2","43"
"530000","1","38"
"564480","2","38.4"
"620000","2","49"
"740000","2","37.25"
"549000","3","90"
"520000","1","33.82"
"720000","2","37.72"
"420000","2","42"
"549999","3","48"
"699000","3","64.21"
"257000","1","27"
"469000","3","44.25"
"338400","2","37.6"
"339000","2","36"
"510000","3","49"
"429000","2","36"
"1099000","2","61"
"580000","2","53"
"645000","4","101"
"750000","3","62.4"
"850000","2","71"
"489000","2","51"
"319000","1","19"
"819000","3","50.73"
"1080000","3","78.65"
"870000","2","36.29"
"449000","2","39"
"540000","2","54.14"
"419000","3","49"
"545000","3","56"
"480000","1","36"
"830000","4","72"
"488000","2","52"
"1200000","4","85.74"
"1050000","4","83.79"
"775000","4","60.1"
"775000","3","57.73"
"579000","3","66"
"338500","2","38"
"969000","2","45"
"498000","2","53.13"
"369000","1","25"
"329000","1","27.54"
"456000","2","44"
"469000","2","35"
"2990000","5","132.38"
"740000","3","72"
"1099000","4","105"
"410000","1","31.5"
"646000","3","67.2"
"644000","3","59.4"
"330000","2","36"
"432000","1","24"
"388000","2","37.1"
"615000","2","41"
"540000","3","38"
"569000","3","54"
"419000","1","34"
"699000","3","60.7"
"945000","3","50.05"
"439000","2","47"
"720000","2","54.92"
"495000","2","43.18"
"714000","3","51.78"
"490000","3","50"
"599000","3","60.76"
"349000","2","38.12"
"699000","2","48"
"549000","2","48.25"
"698000","3","60.76"
"399000","2","43.7"
"539000","3","58.2"
"815250","1","33"
"448000","2","37.6"
"489000","2","48.04"
"590000","2","53.33"
"990000","5","104.54"
"650000","3","49"
"529000","2","38"
"519000","3","61.31"
"548000","2","47.5"
"605000","3","63"
"710000","2","48"
"450000","2","45"
"1050000","3","79"
"699000","3","61"
"605000","3","63.3"
"491750","2","39.34"
"1210000","3","73.1"
"379000","2","33"
"370000","3","28"
"679000","2","64.87"
"570000","3","70"
"485000","2","39.5"
"479000","4","56"
"730000","2","53"
"425000","2","38.6"
"999000","3","46.69"
"1100000","3","76.55"
"330000","2","36"
"289000","1","22"
"599367","1","24.87"
"419000","2","44.47"
"1800000","4","165"
"464998","3","52"
"398000","2","45.59"
"285000","2","21"
"599000","2","48.95"
"1635000","3","102.2"
"599000","2","49"
"669995","3","63.5"
"649000","3","59.7"
"530000","1","40.09"
"419900","1","27.11"
"589000","3","48"
"1399000","6","138.63"
"410000","1","19.23"
"450000","2","45.07"
"280000","1","30.5"
"1290000","3","72"
"375000","2","38"
"1100000","4","93.1"
"699000","2","50"
"350000","1","24"
"1159455","4","70.27"
"549999","3","48"
"485433","2","41.49"
"810000","4","63"
"499000","5","55"
"560000","4","57"
"480000","2","36.65"
"585000","2","54.5"
"599000","3","45"
"120000","1","13"
"235000","2","24.7"
"940000","3","73.35"
"625000","4","63"
"615000","2","51.4"
"419000","2","44.47"
"890000","3","66"
"630000","2","49"
"499000","1","26"
"525000","1","33.82"
"1900000","4","125"
"449000","3","51.2"
"415000","2","46"
"480000","2","37"
"475000","2","44.33"
"529000","2","36"
"650000","2","46"
"459000","1","30.63"
"421000","2","49.54"
"650000","3","69.4"
"465000","2","46.1"
"449000","2","36.38"
"1040000","3","63.1"
"459000","2","37.3"
"859000","3","65.02"
"449000","2","41.16"
"747000","3","58.7"
"330000","2","36"
"449500","3","47"
"399000","2","37.45"
"369000","1","28.1"
"598000","3","75"
"665000","1","32.56"
"1416000","4","99.05"
"540000","3","38.95"
"490000","2","39.16"
"59252851","3","60.4"
"599000","3","62.5"
"590000","2","39.5"
"627000","2","48"
"560000","3","52.25"
"550000","3","47.5"
"790000","2","47"
"525000","2","37.75"
"400000","1","37.27"
"674000","3","61.59"
"579000","4","58"
"899000","2","49.61"
"299000","1","28.1"
"545000","2","41"
"660000","3","62.9"
"550000","2","48"
"465000","2","46"
"775000","3","61.52"
"1220000","3","72.23"
"450000","3","48"
"699000","4","72.5"
"529000","2","36"
"459000","2","48"
"598000","3","75"
"469000","3","54"
"487000","2","53"
"699000","3","64.75"
"696000","3","59"
"510000","2","54"
"438000","2","37"
"920000","3","66"
"629000","3","64.7"
"599000","2","55.45"
"179000","1","17.2"
"369000","1","28.1"
"398000","2","45.59"
"1190000","2","55"
"431475","1","25.5"
"489000","2","51"
"398000","2","36"
"1000000","4","96.47"
"750000","3","78.65"
"627000","2","48.24"
"385000","2","37"
"730000","2","57.5"
"429000","2","34.57"
"1699000","4","133"
"565000","2","53"
"649935","3","55.55"
"491750","2","39.34"
"485433","2","41.49"
"1590000","5","122"
"530000","2","40.68"
"390000","2","36.16"
"629000","3","58.87"
"1190000","3","68.1"
"749000","3","51.53"
"1329000","3","70.5"
"459000","3","47.72"
"990000","3","62"
"380000","1","27.27"
"619500","3","60"
"815250","2","32.61"
"924000","3","76.79"
"548000","3","52.2"
"440000","2","49"
"999000","3","68.1"
"299000","1","17.49"
"600000","4","47"
"560000","2","42.5"
"390000","1","33"
"550000","3","50.3"
"1200000","4","85.74"
"735000","3","58"
"1139000","3","94"
"873000","2","62.43"
"396000","2","41"
"820000","4","76.39"
"690000","3","60"
"690000","3","64.1"
"780000","3","64.48"
"649900","3","60.43"
"465000","3","55.2"
"665000","1","32.56"
"1860000","4","116.83"
"499000","2","43.3"
"350000","1","28.1"
"875000","3","75"
"759000","3","60.17"
"1990000","4","156"
"539900","4","67.5"
"729000","2","49.5"
"524880","3","58.32"
"325000","1","27"
"650000","1","46.98"
"650000","2","52"
"550000","2","50"
"455000","2","35.8"
"570000","3","70.11"
"465000","3","57"
"297000","2","37.9"
"499000","2","46.7"
"605000","3","68"
"495000","3","46.22"
"425875","1","34.07"
"790000","2","48.6"
"350000","1","23.21"
"999000","2","63.7"
"519000","3","56"
"603000","2","51"
"789500","2","44.1"
"699000","3","64.21"
"419000","2","43"
"1590000","2","63"
"497000","2","41.2"
"769000","3","56"
"399000","1","28"
"467500","2","33.21"
"1100000","4","110.44"
"595000","2","49.8"
"899000","3","57"
"415000","2","32"
"419000","2","39.17"
"585000","2","44.3"
"889000","3","62.88"
"433321","3","42.07"
"630000","3","67.8"
"490000","2","49.5"
"1190000","3","71"
"699000","3","64"
"455000","2","44"
"398000","1","28"
"1080000","4","90.74"
"398000","3","47"
"595000","2","56.27"
"375000","2","50.2"
"1300000","4","87.52"
"490000","2","65"
"454400","2","35.5"
"720000","2","40.96"
"799000","4","75"
"699000","4","82.6"
"675001","3","58.9"
"349000","2","50.58"
"890000","3","74"
"520000","2","54.1"
"380000","1","38"
"439000","1","36"
"399000","1","25"
"530000","3","53.35"
"520000","3","62"
"1300000","4","87.52"
"1190889","1","63.01"
"410000","1","31.5"
"619000","3","63.53"
"485000","2","46.76"
"1300000","2","55"
"509000","3","59.49"
"2900000","3","94"
"1480000","3","75"
"498000","2","38"
"635000","3","56"
"605000","3","63"
"650000","2","47"
"1070000","3","68"
"999000","3","96"
"529000","2","36"
"379000","2","36.37"
"520000","2","41"
"699000","3","51"
"1299000","4","89.41"
"539000","3","62"
"675000","2","37.61"
"240000","1","24.9"
"489000","4","57.6"
"539000","3","63.16"
"820000","3","77.3"
"699000","3","64.21"
"155000","1","17.4"
"629000","3","61.49"
"670000","3","66"
"830000","3","62"
"789000","2","53.04"
"800000","3","60"
"1590000","2","63"
"604000","3","63"
"552000","3","55"
"3000000","5","140.82"
"669000","3","59.9"
"399000","2","38.5"
"554900","3","48.26"
"899000","3","73.5"
"793000","3","66.1"
"399000","1","30"
"619000","3","55.3"
"569000","3","42.91"
"529000","2","36"
"780000","3","66.24"
"479000","2","44"
"680000","2","54"
"529000","3","57"
"1950000","5","156"
"510000","2","40.51"
"772000","3","74.5"
"1590000","6","168"
"385000","2","35"
"230000","1","20.1"
"385000","2","44.15"
"720000","4","75"
"375000","2","38"
"530000","3","59.5"
"760000","3","70"
"1350000","5","118"
"551000","2","38"
"569000","2","33"
"339000","2","30.3"
"135000","1","13.5"
"629000","3","56.08"
"449500","3","47"
"605000","3","63.3"
"320000","1","29"
"499000","1","26"
"459000","2","35"
"410000","2","31.54"
"449000","2","47"
"379000","2","43.8"
"750000","3","72.8"
"449000","2","36"
"1099000","4","126.5"
"799000","4","75"
"495000","3","49.72"
"308999","1","19.3"
"554999","2","63.5"
"480000","3","56.1"
"1479500","4","112.37"
"1500000","3","97.6"
"205000","2","30.5"
"690000","3","71"
"657297","1","33.03"
"435000","2","36"
"615600","1","30.78"
"298000","1","28.67"
"1050000","3","79"
"749000","3","51.5"
"1080000","2","63.7"
"540000","2","36.1"
"675000","3","58.9"
"470000","3","52.48"
"830000","3","60.04"
"599000","2","48"
"516240","2","38.24"
"499900","2","44.75"
"1590000","5","122.2"
"863994","4","91"
"549999","2","47.72"
"674998","3","51"
"568998","4","97.69"
"575000","2","50.7"
"540000","3","38"
"570000","2","49.61"
"715000","3","81.2"
"499000","3","63.1"
"460000","2","55.6"
"2393175","3","93.85"
"877000","3","60.34"
"595000","2","53.52"
"515000","2","37.8"
"688000","3","56"
"490000","2","49.5"
"1590000","2","63"
"428668","2","34.57"
"825000","4","80.5"
"660000","3","55.3"
"669000","3","51.71"
"440000","1","41"
"666000","2","58.11"
"599999","2","48"
"355000","1","32"
"519000","2","48.7"
"1240000","5","103.42"
"470000","2","46.36"
"510000","3","56.6"
"545000","3","53"
"545000","3","53"
"545000","3","53"
"545000","3","53"
"545000","3","53"
"545000","3","53"
"545000","3","53"
"545000","3","53"
"589000","2","50.56"
"540000","3","56.6"
"759000","3","46"
"497846","3","54.29"
"514954","3","53.41"
"462692","2","41.65"
"410959","1","28.92"
"335000","2","32"
"685000","4","86.5"
"373000","2","44.1"
"455000","3","56.1"
"468000","2","37.8"
"479000","2","47"
"499000","3","56"
"355000","1","32"
"335000","2","37"
"155000","1","15.6"
"1429000","4","86"
"780000","3","66.24"
"399000","1","31"
"470000","3","52"
"819000","1","44.19"
"415000","2","44"
"1440000","4","80"
"445000","2","35"
"980000","2","66"
"630000","2","54.29"
"1650000","5","140.47"
"570000","2","38.5"
"394111","2","40.63"
"460000","2","38"
"879000","2","55.13"
"350000","1","23.21"
"210000","1","21"
"510000","3","63.8"
"544000","2","45.02"
"700000","2","35.2"
"529000","2","42.4"
"495000","2","44.75"
"620000","3","64.53"
"469000","1","19.02"
"499000","2","38.63"
"774022","3","60.28"
"790000","3","73"
"575000","3","70"
"849000","3","61.76"
"699000","2","51.5"
"529000","3","37"
"389000","2","41"
"2698157","5","135"
"449000","2","41.16"
"250000","2","23.8"
"232000","2","22.65"
"1365000","4","77"
"509000","2","47.29"
"702000","2","54.4"
"699000","3","64.21"
"575000","2","50.7"
"520000","3","47"
"205000","1","19.7"
"669000","3","63.42"
"310000","2","36"
"2900000","2","84"
"837565","3","67"
"465000","2","52"
"773000","3","63"
"64000017","3","67.58"
"550000","2","50"
"620000","3","53"
"716700","3","47.78"
"912000","2","48.18"
"650000","2","28.5"
"389000","2","32.32"
"495000","3","49.72"
"550000","2","48"
"319000","2","37"
"879000","3","54"
"539000","2","40.96"
"537000","2","41.35"
"550000","3","69.5"
"505000","3","44.5"
"529000","2","48.01"
"419000","2","45.1"
"596000","2","56"
"209000","1","20.2"
"260000","2","28.95"
"524000","3","58.2"
"440000","2","38.1"
"640000","3","55"
"470000","3","59"
"520000","3","47"
"650000","3","47.29"
"555000","2","58.72"
"2600000","3","123.2"
"799000","4","75"
"640000","3","55"
"480000","2","54"
"710000","2","49"
"4950000","4","172.02"
"420000","2","36"
"569000","2","33"
"485000","2","46.76"
"440000","2","43.26"
"1290000","3","58.6"
"500000","1","36.3"
"475000","1","36"
"899000","3","61.7"
"666000","2","58.11"
"390000","2","42"
"1290000","3","93.25"
"455000","2","43.62"
"499000","1","26"
"780000","3","66.24"
"555000","2","47.4"
"475000","2","37.36"
"639000","3","80"
"399000","2","47"
"289000","2","26.43"
"1470000","3","92"
"755000","3","63.06"
"719000","1","35.77"
"549000","2","37.8"
"850000","4","79.38"
"850000","4","79.38"
"1296900","3","65.5"
"990000","3","72"
"245000","1","17"
"609000","2","47.8"
"1149999","5","232.1"
"839999","3","70.14"
"990000","2","71"
"810000","4","61.87"
"469000","2","52.03"
"529550","3","44.5"
"326720","1","24"
"810000","4","63"
"799000","4","77.69"
"389000","2","40"
"440000","2","44"
"766000","2","71.62"
"930000","3","62"
"493250","2","39.46"
"820000","4","64"
"730000","2","57"
"581500","3","60.62"
"790000","3","52.58"
"475000","2","34.4"
"829000","3","63.73"
"639000","4","58"
"732000","3","63.5"
"599000","2","56"
"189000","1","19.3"
"1080000","4","72"
"450000","2","44.82"
"41091235","1","19.09"
"660000","2","43.5"
"385000","2","36.97"
"384000","2","43.57"
"629000","2","51"
"460000","3","54"
"579000","3","62.4"
"720000","3","61.67"
"1145500","3","79"
"2600000","3","103"
"495000","2","43.18"
"1198500","3","65"
"389000","2","48"
"897000","3","67"
"429000","2","37.33"
"390000","1","32.84"
"760000","3","60.28"
"460000","3","52"
"529550","3","44.5"
"725000","3","63"
"598000","3","75"
"665000","3","66.9"
"173000","1","16.6"
"830000","3","60"
"506000","2","45"
"540000","3","56.5"
"689000","3","57.11"
"450000","2","49.1"
"1139000","3","94"
"930000","3","61"
"859000","3","78.16"
"780000","3","66.24"
"632000","2","48"
"575000","3","82"
"544000","3","55"
"830000","3","61"
"914000","2","59"
"727000","3","82"
"429000","2","41"
"530000","3","69"
"554990","3","63.5"
"5500000","1","100"
"375000","3","39"
"429000","2","37"
"450000","2","35.45"
"620000","3","51"
"1590000","4","96.96"
"425000","1","32.69"
"325000","2","32"
"485000","3","54.25"
"700000","3","68.15"
"999000","2","63"
"789000","3","80"
"1217700","3","61.5"
"485000","2","46.6"
"825250","1","33"
"499000","3","58.02"
"269000","2","33.6"
"688000","3","56"
"759000","3","46"
"445000","1","37.73"
"640000","2","52.5"
"630000","3","58.5"
"649935","3","55.55"
"299000","2","35.2"
"555000","2","43.72"
"479000","2","39.14"
"596000","2","42.62"
"416800","1","27.2"
"1632000","3","102"
"570000","3","70"
"648000","3","44.4"
"555765","3","52.93"
"649728","3","60.16"
"560000","3","51.27"
"499000","2","43"
"209000","1","20.2"
"455000","2","50.53"
"990000","4","76"
"1349000","2","67.5"
"480000","2","45.96"
"1200000","2","60.88"
"1179000","3","76"
"530000","2","32"
"640000","3","52"
"228000","1","24"
"465447","2","41.19"
"550000","1","25.26"
"235000","2","24.7"
"135000","1","14.3"
"165000","1","16.6"
"199000","2","19.48"
"450000","1","26.5"
"627000","2","48"
"550000","2","48"
"599000","3","54.2"
"470000","2","38.4"
"645000","2","51.29"
"700000","2","35.2"
"850000","2","65"
"969000","2","45"
"899000","3","65"
"680000","2","52"
"809000","2","46.4"
"2598157","4","135"
"1100000","3","62.38"
"1400000","2","68"
"699000","3","64"
"490000","2","43"
"579000","3","52"
"470000","3","52"
"235000","1","20"
"1085000","2","62"
"395000","2","29.9"
"300000","1","23.3"
"560000","2","45.23"
"546650","3","49.7"
"1159455","2","70.27"
"650300","1","37.16"
"1200000","2","44"
"649000","3","57.06"
"1500000","4","99"
"1380000","4","160"
"1089330","3","66.02"
"360000","2","35"
"249000","1","20.8"
"1097910","2","66.54"
"529000","3","59.8"
"515000","3","54.02"
"3996995","8","240"
"530000","2","50.12"
"499900","2","41.33"
"699000","3","61.3"
"427500","3","46"
"1350000","4","160"
"479000","2","40"
"700000","2","35.2"
"1190889","1","63.01"
"799000","2","50.88"
"729000","2","49.5"
"495000","3","53"
"700000","4","60"
"590000","2","53"
"499000","2","37"
"365000","2","40"
"689000","3","57.11"
"385000","2","36.97"
"2280000","4","92"
"566000","2","42.28"
"625000","2","48.24"
"914000","2","59"
"572000","3","37"
"495000","3","49.72"
"1920000","3","65.68"
"619000","2","46.2"
"477659","2","52.49"
"579000","3","53"
"579000","3","60"
"399000","2","36"
"470000","4","53"
"649500","3","60"
"649000","3","57"
"739000","2","75"
"1217700","3","61.5"
"565000","2","45"
"715000","3","61.5"
"380000","2","40"
"535000","3","48"
"499000","1","31.85"
"519000","3","52.5"
"410000","1","34.24"
"200000","1","25.9"
"610000","2","46.61"
"560000","3","68.32"
"499000","3","44.28"
"780000","3","66.24"
"899000","3","73.5"
"380000","2","37"
"640593","3","58.77"
"508530","2","46.23"
"401920","1","31.4"
"445332","2","37.74"
"398000","2","49.11"
"535000","2","48.2"
"549000","3","87.4"
"399000","1","30"
"969000","2","45"
"385000","2","44.15"
"817695","2","60.57"
"442000","1","36"
"1090000","3","60"
"629000","2","37.89"
"725000","3","81.2"
"456000","2","38.22"
"750264","3","58.16"
"1130000","3","104.98"
"535000","3","59.49"
"609646","3","62.98"
"456569","2","42.67"
"740000","2","48.82"
"399000","2","36.73"
"369000","1","34"
"460000","3","55.81"
"239000","1","26.4"
"679000","3","61.5"
"354999","2","36.91"
"629998","3","58.5"
"548995","3","52.19"
"399000","2","44"
"480000","2","48.2"
"693000","2","42"
"555000","2","39.68"
"710000","2","49"
"155000","1","15.6"
"235000","2","24.7"
"1089330","3","66.02"
"620000","3","50.86"
"690000","2","50.9"
"569000","4","97.69"
"864000","4","91"
"680000","2","53.4"
"950000","3","58.29"
"540000","3","60.1"
"1349000","2","67.5"
"1100000","3","76.5"
"980000","3","75"
"859000","4","71.64"
"640000","1","32.9"
"1249000","4","89.7"
"380000","2","37"
"1150000","5","228.7"
"615000","2","53.31"
"694000","1","33.11"
"694000","1","32.31"
"712000","1","33.11"
"2550000","3","104.75"
"1050000","3","79"
"420000","2","51"
"665000","1","32.56"
"442000","1","36"
"1020000","2","49"
"515000","2","44.5"
"569000","3","42.91"
"894900","2","47.15"
"669000","3","79"
"945000","3","57.12"
"1400000","3","123.4"
"525000","2","49"
"599000","3","47.8"
"990000","2","93"
"599000","3","67.84"
"485000","2","51"
"350000","1","35.26"
"439000","2","33.5"
"750000","3","72.8"
"580000","2","53"
"1560000","2","80"
"520000","2","55"
"1459000","4","94.1"
"399000","2","37.45"
"527000","2","50.2"
"435000","2","33"
"359000","2","36"
"529900","3","48.2"
"930000","2","37.29"
"590000","2","48.5"
"760000","3","48"
"899000","3","64"
"1100000","3","67.1"
"730000","2","61"
"1150200","3","51.12"
"1200000","3","92.47"
"1283400","4","99.9"
"1480000","4","99"
"736000","2","46"
"399000","1","36"
"365000","2","44.2"
"960000","3","61.5"
"435000","2","43.6"
"580000","3","58"
"570000","3","57.1"
"439000","3","44"
"750000","3","61.76"
"345000","2","36"
"439000","1","32"
"455000","1","26.67"
"398000","2","44.31"
"969000","2","45"
"320000","1","28"
"235000","1","17.4"
"729000","3","61"
"569948","3","51.2"
"749000","4","71.96"
"520000","1","30"
"860000","3","75"
"1197120","5","92.8"
"435000","2","49.3"
"379000","2","43"
"429000","2","38"
"450000","2","45"
"385000","2","44"
"455000","2","44"
"715000","4","69"
"1522500","5","145"
"1600000","3","141"
"2519960","7","172.6"
"620000","3","51"
"429000","3","43"
"425000","3","51"
"460000","2","48.5"
"768350","2","63.5"
"1400000","3","123.4"
"755000","2","54.2"
"395000","2","38"
"470000","2","44"
"494000","2","52"
"450000","2","48"
"415000","2","43.08"
"370000","2","48"
"980000","3","70.1"
"1290000","3","118.9"
"460000","2","49.2"
"460000","1","21"
"719000","3","54"
"439000","2","52"
"877500","3","75"
"599000","2","54.11"
"620000","2","45"
"320000","1","30"
"1400000","5","105.73"
"599000","2","49.54"
"368550","1","24.57"
"155000","1","15.6"
"952020","2","46.44"
"629000","2","48"
"879000","3","53.5"
"417500","1","25"
"1299000","2","67.5"
"629000","2","48"
"890000","4","77"
"710000","2","48.5"
"615000","2","46"
"465000","2","38"
"475000","2","46"
"860000","3","75"
"480000","3","60"
"1600000","3","91.15"
"606210","3","55.11"
"419000","1","25.2"
"345000","1","26.54"
"350000","1","22.5"
"333000","1","23"
"575000","3","59"
"689000","3","59"
"685000","2","37.43"
"815250","1","32.61"
"699250","3","55.94"
"510000","2","41.94"
"569000","2","33"
"619000","2","46.2"
"499000","2","28.3"
"1090000","5","99"
"790000","2","53.9"
"749000","3","61"
"759000","3","63"
"1080000","2","63"
"699000","2","46.86"
"967545","4","79.8"
"415000","2","39.2"
"667000","3","48"
"350000","1","35.26"
"699000","3","64.21"
"599000","3","46.85"
"450000","1","35.79"
"429000","1","29.79"
"465000","2","40.29"
"415000","2","46"
"499000","1","32"
"479900","2","47.76"
"595000","2","55"
"479000","2","51"
"499000","3","51.36"
"699000","3","64.92"
"525000","3","56"
"868000","3","54.59"
"799000","5","94"
"1145000","5","92.8"
"550000","4","87.4"
"489000","2","48"
"799000","3","61.8"
"1085000","2","62"
"690000","3","61"
"579000","3","60"
"399000","2","36"
"280000","1","26.7"
"2300000","3","152"
"820000","2","53"
"825000","4","80"
"1190000","4","95"
"315000","2","34"
"420000","1","37"
"550000","2","50"
"485000","2","50.9"
"236400","1","15.76"
"232650","1","15.61"
"659000","3","58.85"
"609000","2","49.45"
"345000","2","37"
"437000","1","35"
"789000","2","53.04"
"566000","2","42.28"
"950000","3","70"
"914000","2","59.02"
"699000","3","48.4"
"249000","1","16.13"
"418000","2","45"
"598000","3","74.8"
"795000","3","53.69"
"363000","2","30"
"1449000","3","69"
"1570000","4","75"
"1145000","3","50"
"1050000","4","83"
"660000","3","77.02"
"480000","2","47"
"417000","3","48"
"420000","2","52"
"389000","2","45.2"
"989000","3","71.67"
"385000","1","27.52"
"580540","2","46.72"
"430000","3","49"
"420000","2","36"
"950000","4","113.3"
"937000","3","102"
"982000","2","49.1"
"774997","3","61.52"
"543993","2","45.02"
"793000","3","66.1"
"577200","2","39"
"689000","3","57.11"
"680000","3","57.43"
"550000","3","68"
"445000","2","40.3"
"260000","1","23"
"520000","3","59.5"
"785000","3","66.3"
"599925","2","36.43"
"385000","2","35"
"530000","3","59.5"
"550000","2","54"
"540000","2","45.2"
"845000","3","68"
"395000","2","37.9"
"628000","2","51.23"
"535000","3","48.2"
"540000","3","58.7"
"510000","3","41"
"1285000","4","93"
"750000","2","56"
"1100000","3","60"
"705000","2","46"
"469000","2","45.9"
"829000","4","71"
"883000","3","52.57"
"679000","3","64.56"
"635130","3","65.8"
"329000","1","25"
"550000","2","40"
"680000","1","40"
"735000","3","67.21"
"499999","3","48"
"249000","1","18.8"
"271000","1","27.1"
"460000","2","31"
"1350000","7","287"
"465000","2","52"
"4930000","3","122"
"103174050","5","157.09"
"429000","1","27"
"1800000","2","74.79"
"549000","2","45.97"
"315000","1","19.77"
"2050000","6","132"
"399000","1","30"
"421000","2","50"
"495000","2","45"
"520000","3","62"
"800000","1","30.87"
"719832","2","40.44"
"419000","2","30"
"1650000","4","134"
"360000","1","28"
"393000","1","29"
"380000","2","45"
"745000","4","73"
"528640","2","42"
"914000","2","59.02"
"609000","4","89"
"520000","2","47.29"
"739700","3","58.7"
"870000","3","53"
"635000","3","56.1"
"680000","3","63.14"
"920000","3","66"
"339000","1","31"
"419000","2","35.6"
"380000","2","42.8"
"419000","1","34"
"599000","3","70"
"740000","2","37"
"489000","2","36.2"
"850000","3","81.13"
"395000","2","36.39"
"490000","3","50"
"1700000","6","144.91"
"850000","4","89.2"
"1500000","4","122"
"1130000","4","79.05"
"864000","4","91"
"899000","3","64"
"1300000","5","90"
"1600000","4","106.29"
"815250","1","33"
"659000","2","46.6"
"877000","3","60.34"
"420000","2","42"
"897000","3","67"
"469000","2","47.7"
"816000","4","108.8"
"465000","2","52"
"793000","3","66.1"
"490000","2","44"
"700000","3","54.9"
"485000","3","52.1"
"530000","2","44.75"
"610000","3","61"
"315000","2","37"
"340000","1","49.2"
"365000","2","38.98"
"1179000","3","76"
"621000","3","50.8"
"750000","1","28.39"
"235000","2","24.7"
"589000","2","49.4"
"680000","3","64.8"
"415000","2","36"
"1300000","6","140.7"
"429000","2","30.55"
"485000","3","43.69"
"736000","3","85.13"
"725000","3","63.28"
"725000","3","61.7"
"619000","2","56.24"
"530000","1","31.85"
"1280000","3","100"
"2060000","5","112.75"
"469000","2","30"
"370000","2","36"
"1150000","3","78.71"
"995000","3","70.1"
"550000","3","65.27"
"437000","2","48.58"
"438000","2","38"
"690000","3","55"
"433321","3","42.07"
"1190889","1","63.01"
"585000","1","38"
"449000","3","48"
"849000","3","69"
"380000","1","33"
"549000","2","36.45"
"545000","3","58"
"535000","3","48.2"
"384000","2","44"
"999000","4","92.63"
"185000","1","37.5"
"450000","2","45"
"539000","3","51.7"
"610000","3","66.71"
"659000","3","66.58"
"288500","1","25.28"
"815250","1","32.61"
"399000","1","35.96"
"1450000","4","120.5"
"666000","1","32.31"
"1650000","3","90"
"365000","2","39"
"487000","2","53"
"569000","4","97.69"
"950000","4","113.3"
"480000","2","46"
"1099000","2","42.93"
"689000","2","52"
"359000","2","46"
"914000","2","60"
"315000","2","35"
"289000","1","22"
"669000","3","56.95"
"815250","1","32.61"
"740000","2","37.25"
"1000000","3","60"
"519000","3","52.5"
"239000","1","24.5"
"1352000","3","72.3"
"569000","2","33"
"695520","2","43.47"
"606000","4","56.65"
"849000","4","85"
"525000","1","33.8"
"914000","2","59.02"
"1190000","2","54.2"
"1750000","3","86"
"912000","2","48.18"
"1499000","7","152.16"
"495000","3","49.72"
"399000","2","44.3"
"425320","1","27.44"
"380000","2","44.99"
"480000","2","37"
"1890000","3","64.72"
"489000","2","48"
"450000","2","45"
"300000","1","24"
"408000","1","30"
"1100000","3","77"
"465000","2","46"
"340000","1","37"
"335000","2","37"
"549000","3","64"
"385000","2","37"
"699000","3","56.7"
"649000","3","65.52"
"450000","2","42.3"
"990000","2","70"
"820000","2","52"
"489000","2","53.1"
"849900","3","70"
"479000","2","41"
"550000","2","50.1"
"449000","2","41.1"
"355000","1","33"
"699000","3","64.21"
"265000","1","34.32"
"390000","2","42"
"370000","1","37"
"910000","2","48.22"
"829000","4","65"
"859000","3","78.16"
"399000","3","48.4"
"649000","2","40.11"
"1080000","4","113"
"1550000","3","91.15"
"487000","2","53"
"599000","2","47"
"550000","2","48"
"375000","2","38"
"499999","2","46"
"389000","2","46"
"389610","1","39"
"368000","2","36.95"
"599000","3","53"
"429000","2","50"
"1049000","4","105"
"610000","2","46.62"
"2800000","3","86"
"680000","2","54"
"849000","3","72"
"799000","3","73.13"
"1450000","2","69.47"
"585000","2","44.68"
"850000","2","49.53"
"555000","3","63.4"
"960000","3","72.5"
"850000","2","37.3"
"485000","3","54.25"
"385000","2","44.15"
"1195000","3","68"
"574000","2","41"
"619000","2","36.84"
"550000","3","59"
"599000","3","56.02"
"879000","2","51.5"
"569000","4","65.32"
"799000","4","81.7"
"539000","3","51.7"
"493250","2","39.46"
"793000","3","66.1"
"779000","3","69.44"
"579000","3","61"
"775000","3","61.5"
"540000","3","57"
"799000","5","93.4"
"500000","3","51.53"
"716700","3","47.78"
"1499000","6","141.13"
"850000","4","81.93"
"729000","3","54.3"
"659000","2","57.84"
"1791000","2","45.35"
"555000","3","53"
"540000","3","57"
"510000","2","44.6"
"525000","3","57"
"525000","1","33.82"
"667000","4","74"
"589000","3","55.7"
"515000","3","59"
"489000","2","48"
"389000","1","25.8"
"500000","2","48"
"329000","1","29.5"
"749000","3","51.53"
"650000","2","69.33"
"718000","3","56"
"579000","2","53.12"
"335000","2","32"
"440000","2","35.16"
"595000","2","50"
"510000","3","48"
"179000","1","17.2"
"749000","4","71.96"
"549000","3","52.19"
"1280000","3","100"
"189000","1","20.2"
"359000","2","36"
"445000","2","48.82"
"990000","4","79"
"500000","2","48"
"649000","3","60"
"818000","2","57"
"550000","2","41.06"
"344500","2","34.7"
"225000","1","16.9"
"649000","3","61.3"
"399000","1","30"
"1350000","3","86"
"395000","2","50"
"449000","2","41.16"
"625000","2","44.92"
"1479600","3","98.64"
"914000","2","59"
"1251000","3","90"
"519000","3","55.66"
"895500","4","98"
"649000","2","37.89"
"400000","3","54"
"399000","1","30"
"740000","2","54"
"335000","2","37"
"330000","2","42.2"
"1880000","3","76.7"
"335000","2","42.2"
"419000","3","52.4"
"2910000","5","146"
"619000","3","53"
"235000","1","15.8"
"222000","1","16.3"
"377000","2","39"
"755055","2","58.22"
"399000","2","34.22"
"870000","2","36.29"
"235800","1","15.8"
"335000","1","32"
"418000","2","44"
"419000","1","29.65"
"399000","1","44.8"
"812000","3","58"
"389000","2","36.6"
"575000","3","70.11"
"2490000","3","100"
"915000","2","37.83"
"499000","2","38.8"
"1499000","6","152"
"428000","1","29.9"
"332000","1","23.3"
"550000","2","48"
"259000","2","27.2"
"620000","2","52.18"
"540000","2","50"
"619000","3","55.3"
"559000","2","47.07"
"579000","3","62.51"
"720000","3","56.1"
"359000","2","34.56"
"647900","3","54"
"315000","2","24.6"
"1044900","2","46.44"
"490000","3","59.5"
"419000","3","45.5"
"785000","4","64.89"
"607000","3","50.64"
"474880","2","33.92"
"575000","2","50.7"
"270000","1","20"
"437500","1","35"
"495000","2","38.56"
"749000","3","51.5"
"369000","1","28.1"
"459000","1","36.37"
"1097910","2","66.54"
"399000","2","45"
"593000","3","48.31"
"649000","2","53.95"
"549000","4","66"
"759000","2","58"
"589000","2","44"
"1236000","3","50"
"1770000","3","76"
"530000","2","52"
"465000","2","50"
"510000","2","54"
"667700","3","69.57"
"685000","4","86.5"
"2400000","5","194"
"1020000","5","71.8"
"915000","2","37.83"
"1600000","4","72.71"
"706158","2","43.59"
"640000","2","46"
"815000","3","68"
"240000","1","20"
"289000","1","23"
"378000","2","38.41"
"640000","2","52.5"
"389900","2","50.53"
"449000","3","47.72"
"550000","3","52.35"
"465000","2","40.29"
"699000","2","52"
"595000","4","59"
"365000","1","28.1"
"465000","2","52"
"975000","3","52.7"
"285000","2","26.6"
"430000","2","38.46"
"431056","2","35.63"
"1070000","6","114"
"897000","3","49.86"
"799000","4","75"
"519000","3","58.2"
"499000","4","52.5"
"479000","2","49.66"
"455500","3","53"
"375000","1","25"
"499000","3","56.6"
"599000","5","140"
"469000","2","45.1"
"562950","2","41.7"
"789000","4","70.91"
"689000","3","100"
"449000","2","37"
"429000","2","30.59"
"353000","2","32"
"335000","2","32"
"567000","2","42"
"463000","2","35.16"
"465000","2","50"
"570000","2","38.5"
"1200000","4","85.74"
"359000","2","36"
"465000","2","46"
"469000","2","47.74"
"4700000","4","172"
"554999","2","63.5"
"480000","2","54"
"544000","3","62"
"489000","2","48"
"680000","2","53.4"
"480000","2","50.8"
"446000","2","38.87"
"440000","2","35.4"
"1649000","5","122.2"
"517000","3","47.2"
"850000","4","79"
"1190000","2","50.5"
"319000","1","28.17"
"967000","2","52.67"
"870000","2","36.29"
"1920000","3","66"
"620000","3","60.27"
"699000","2","64.75"
"870000","2","65.5"
"640000","2","52.5"
"619500","3","60"
"949000","4","110.5"
"830000","3","75.35"
"766000","2","71.13"
"529000","2","43"
"850000","2","65"
"405000","1","37"
"495000","3","49.72"
"649000","2","37.89"
"490000","2","46"
"899000","2","48.96"
"775000","4","60.1"
"850000","3","75.35"
"804000","3","64.91"
"360000","2","34.2"
"510000","2","42"
"620000","3","51"
"495000","3","50"
"680000","2","54"
"515000","2","50"
"649000","2","46.7"
"1290000","3","99.7"
"599000","2","55.37"
"699000","2","50.92"
"359000","2","36"
"640000","1","36"
"499000","2","37"
"7300000","3","178.71"
"1500000","3","82"
"385000","2","43.57"
"1870000","3","74.8"
"755055","2","58.22"
"780000","3","66.24"
"350000","1","22.5"
"2200000","4","100"
"5400000","4","218.6"
"1872000","4","116.83"
"428000","2","29.9"
"271000","1","27"
"982400","2","49.12"
"649000","2","46.7"
"510000","3","63.81"
"395000","1","29.9"
"667004","2","52.52"
"300000","1","23.3"
"793000","3","66.1"
"420000","2","50"
"691000","1","33.11"
"699999","2","55.14"
"829999","3","55"
"3400000","8","262.91"
"580000","1","24.3"
"370000","2","37"
"478000","2","48"
"369000","2","35.71"
"599000","2","51.58"
"680000","2","55"
"1945000","3","75.7"
"625000","3","57.8"
"690000","3","54.9"
"590000","2","42.5"
"1100000","3","86"
"425000","2","37"
"453362","2","42.77"
"550000","1","25.26"
"1750000","3","86"
"480000","1","30"
"619500","3","60"
"727000","3","82"
"775000","3","57.73"
"368550","1","24.57"
"326720","1","24"
"450000","1","26.5"
"949000","4","70.4"
"612066","3","63.23"
"419000","1","36.09"
"525000","3","58.32"
"335000","2","32"
"1300000","3","78"
"550000","3","46"
"1049594","3","66.43"
"540000","2","43.8"
"785000","2","45.29"
"490000","3","50"
"789000","3","57"
"440000","2","48.44"
"595000","2","49.8"
"479000","2","56"
"1239000","2","59"
"549000","3","51.52"
"474000","2","44"
"1480000","4","99"
"399000","2","37"
"689000","3","57.1"
"499000","1","42.1"
"509000","2","47.3"
"492000","2","49.25"
"1720000","3","77"
"740000","3","66.55"
"370000","2","40.2"
"390000","1","33"
"595000","2","50.1"
"450000","3","45"
"2500000","8","200"
"320000","1","34.65"
"550000","2","50.1"
"1200000","2","43.79"
"869000","2","56.12"
"1499000","6","152"
"1352000","3","72.3"
"755055","2","58.22"
"470000","2","38.4"
"442000","1","39.5"
"1280000","3","100"
"399000","2","45.59"
"965000","3","68.67"
"729000","3","55"
"495000","3","50"
"389000","2","38"
"1320000","2","59.9"
"1500000","3","79"
"729000","3","55"
"499000","3","62.88"
"699000","2","66"
"369990","2","45.2"
"699000","3","70.64"
"389000","2","36"
"590000","2","51"
"890000","2","66.11"
"680000","1","32.78"
"495000","2","43.76"
"731750","3","58.54"
"620000","3","51"
"1282500","2","51.3"
"940000","2","59.02"
"350000","1","29"
"355000","1","19.5"
"499000","2","42.18"
"470000","2","47"
"629000","2","48"
"469000","2","44"
"745000","4","73"
"510000","3","63.98"
"562950","2","41.7"
"540000","3","58.7"
"629000","10+","56.24"
"649000","2","46.7"
"442000","1","36"
"499000","3","47"
"279000","2","31.3"
"720000","2","37.72"
"442000","1","36"
"395000","2","38"
"560000","3","49"
"1048000","3","80"
"332000","1","23.3"
"656000","1","33"
"637000","3","51.4"
"579000","3","52"
"300000","1","25"
"1500000","3","67"
"575000","2","39.83"
"510000","2","52"
"460000","2","43"
"475000","3","53"
"255000","1","23.76"
"460000","2","48.3"
"685000","2","50"
"550000","1","25.26"
"540000","2","51.27"
"899000","2","73.5"
"550000","1","25.26"
"688000","2","43"
"465000","2","40.4"
"1197000","5","92.8"
"950000","3","58.29"
"912000","2","48"
"465000","2","38"
"489000","2","36.2"
"715000","3","60.96"
"1499000","3","69.35"
"1400000","3","109.31"
"975000","3","72"
"475000","2","47.9"
"1442260","3","87.41"
"716700","3","48"
"1629000","3","80"
"579900","2","37"
"439000","2","33.5"
"179000","1","17.2"
"480000","2","37"
"580000","2","45.76"
"579990","2","46"
"450000","3","64"
"1400000","2","67.5"
"529999","3","49"
"525000","1","33.82"
"500000","3","49.72"
"442000","2","39.82"
"639000","2","36"
"629000","2","33.28"
"604000","1","37.05"
"1499000","6","152.16"
"510000","1","39"
"1100000","3","63"
"636000","2","33.8"
"329000","1","28"
"699000","2","117.63"
"442000","1","39.5"
"615000","2","51.3"
"749000","3","54.58"
"999000","3","75.69"
"619000","3","53.14"
"495000","3","49.72"
"999000","2","56"
"1280000","3","100"
"1349000","2","67.5"
"270000","1","14"
"1250000","3","77"
"3600000","3","120"
"965000","2","47.22"
"692000","3","56"
"510000","3","49"
"595000","2","50.53"
"499000","2","44"
"895000","2","53"
"449000","2","36.73"
"369000","2","35.39"
"245000","1","17"
"417000","2","25"
"499000","1","31.9"
"969000","3","76"
"400435","3","32"
"3100000","4","90.14"
"2600000","4","123"
"1349999","2","67.5"
"715000","3","61"
"615000","3","61"
"2500000","4","123.27"
"480000","2","46"
"565000","2","56.6"
"550000","3","66.98"
"2092800","3","96"
"880400","3","62"
"390000","2","34"
"429000","1","35"
"411950","2","37.45"
"1180000","4","94.96"
"360000","2","33.1"
"455000","3","56"
"725243","2","57"
"595000","2","40"
"370000","2","41"
"642345","3","56.1"
"53728640","2","42.88"
"1124550","3","49.98"
"799000","3","51.78"
"570000","2","50"
"519000","2","44.35"
"699000","2","49.89"
"6880000","4","167.14"
"699000","3","64.92"
"495000","2","46"
"1100000","3","62.38"
"619000","2","50.83"
"999000","6","114"
"510000","3","47.7"
"390000","2","42"
"419000","2","45"
"699000","3","64.74"
"2600000","3","123"
"734000","3","61.21"
"559000","3","61.4"
"1399000","3","93"
"450500","3","53"
"599000","2","46.33"
"859000","3","78.16"
"530000","2","38.94"
"790000","3","74.83"
"485000","3","54.25"
"1150200","2","51.12"
"1400000","2","67.5"
"659000","2","50"
"598000","2","55.7"
"1390000","3","77"
"1800000","2","75"
"499900","2","44.75"
"470000","2","35.2"
"438000","2","37"
"580000","3","58.32"
"420000","2","36.95"
"1044900","2","46.44"
"1280000","3","100"
"454000","2","39.82"
"555000","2","45.36"
"480000","2","46"
"129000","1","12.61"
"1200000","5","140"
"545000","2","55.75"
"874000","3","72.96"
"694726","4","87.94"
"410000","2","44.8"
"864000","4","91"
"549000","3","52.19"
"818000","2","57"
"569948","3","51.2"
"569000","2","33"
"694800","3","74"
"499000","2","40"
"495000","2","37"
"1280000","3","99.7"
"649000","2","57"
"1280000","3","100"
"475000","2","45.5"
"970000","4","94.17"
"515000","2","46.61"
"799000","5","93.4"
"450000","2","32.72"
"429000","2","37.35"
"430000","2","39.19"
"825075","3","57.9"
"486000","1","29"
"735000","3","67.55"
"404500","2","36.12"
"450000","1","37.27"
"920000","3","65.75"
"410000","1","31.54"
"500000","3","51.53"
"747000","3","58"
"495000","2","50.3"
"569000","2","47"
"399000","1","36"
"380000","2","48"
"639000","4","89"
"440000","2","42"
"950000","3","62.67"
"1175000","3","75.35"
"935000","4","92.31"
"195000","1","18.37"
"385000","1","28.08"
"739990","4","72"
"639000","4","87"
"589000","3","52.22"
"359000","2","37"
"569000","4","65.32"
"245000","1","17"
"589000","3","52.22"
"550000","2","45.6"
"1300000","4","100"
"419000","2","44.47"
"420000","2","37"
"590000","3","50"
"420000","2","37"
"756000","3","55"
"639000","2","43"
"580000","3","67.37"
"459000","2","48.2"
"624000","2","48.01"
"420000","2","47"
"620000","3","60.27"
"860000","3","58.2"
"820000","2","52.3"
"61063040","2","46.72"
"519000","2","48.7"
"1400000","3","71"
"756000","3","54.8"
"710000","2","43"
"1249000","4","89.7"
"1099000","2","60.8"
"685000","2","49.72"
"699000","3","62"
"719000","3","54.1"
"950000","2","48.5"
"745000","3","67"
"1599000","3","99"
"587000","3","50"
"525000","3","61.7"
"599000","3","67.84"
"490000","2","42.7"
"455000","2","34.7"
"599000","3","56.6"
"510000","3","49"
"560000","1","34.07"
"620000","2","49"
"650300","1","37.16"
"899000","4","99.8"
"1522500","5","145"
"670000","3","67.8"
"649000","3","57.8"
"1200000","4","92.34"
"480000","3","47.04"
"630000","3","56"
"640000","3","64.09"
"797000","3","54.46"
"894900","2","47.15"
"450000","1","37"
"410000","3","47"
"450000","3","56"
"649000","3","65.5"
"1600000","3","141"
"450000","3","51"
"719000","5","103"
"2900000","5","122"
"850000","3","75.35"
"3500000","4","97.63"
"571241","1","35.99"
"969000","2","45"
"530000","2","47.84"
"569000","2","39.02"
"2300000","4","135"
"460000","3","54.24"
"449000","2","41.16"
"475000","2","41.6"
"480000","2","46"
"435000","2","38.33"
"1850000","4","108"
"493000","2","40"
"417500","1","25"
"450000","2","45"
"600000","2","50"
"825000","2","54"
"749000","4","71.96"
"398000","2","45.59"
"520000","1","30"
"1313000","3","81"
"500000","3","52"
"480000","2","46"
"699000","2","50"
"950000","3","58.29"
"499000","4","63.53"
"410529","3","52.35"
"525000","2","37.75"
"990000","3","68.06"
"548000","3","63"
"350000","2","34"
"1479600","2","98.64"
"1920000","3","66"
"800000","3","62.6"
"531100","3","53.11"
"417000","3","45.44"
"265750","1","21.26"
"390000","2","39"
"500000","1","48"
"449000","2","37.27"
"499000","2","42"
"515000","2","41"
"690000","2","59.62"
"425000","1","37"
"649800","3","50.5"
"735000","3","58.8"
"912000","2","48.18"
"470000","2","52.33"
"1113600","5","92.8"
"1872000","4","116.83"
"588000","2","35"
"3379000","6","218"
"649000","2","56.1"
"550000","2","50"
"480000","2","45.9"
"945000","3","57.12"
"619000","2","56.24"
"735000","3","66.91"
"566000","2","42.28"
"1650000","3","91.2"
"1479600","3","98.64"
"2300000","3","83"
"1350000","3","90"
"499000","2","40.64"
"375000","1","33.2"
"870000","2","65.5"
"890000","3","61"
"495000","2","37"
"667000","3","48"
"430000","1","26.2"
"619000","4","72.05"
"490000","2","38.56"
"795000","2","52.34"
"570000","3","61.5"
"587000","3","67"
"188000","1","17.14"
"660000","2","44"
"719000","1","36"
"410000","2","37.5"
"442000","1","36"
"1020000","2","49"
"659000","3","53"
"442000","1","36"
"450000","2","44.82"
"400000","2","34.2"
"775000","3","58"
"388000","2","52.5"
"329000","1","28"
"1400000","2","67.5"
"350000","2","38"
"415000","2","37.81"
"1950000","3","90.14"
"572000","3","54"
"995000","2","59.02"
"599000","3","52"
"440000","2","36.7"
"897000","3","49.86"
"789867","4","67.51"
"640000","3","65"
"539000","3","38.95"
"694660","1","32.31"
"380000","2","34"
"564000","2","53.8"
"257000","1","27.1"
"417500","1","25"
"2850000","3","82.63"
"359000","1","33"
"239000","2","25.09"
"335000","2","37.1"
"987000","2","37"
"899000","4","69.12"
"729000","3","54.15"
"729000","3","54.12"
"649000","2","46.7"
"859000","3","68.5"
"1475000","4","80.25"
"430000","2","35.4"
"649000","3","69"
"619000","3","55.3"
"399000","2","44.8"
"1349000","2","67.5"
"1199500","4","100"
"999000","2","57.22"
"459000","2","38.73"
"417500","1","25"
"1773710","4","83"
"269000","1","24"
"440000","2","44"
"649000","2","57"
"410000","2","44.8"
"395000","2","37.9"
"824736","3","58.08"
"649000","2","40.11"
"610000","3","61"
"1429000","4","86"
"491750","2","39.34"
"98195090","2","49.1"
"439000","3","44"
"1280000","3","100"
"395000","1","38"
"1510000","2","50.44"
"880000","3","55"
"920000","3","65.75"
"599000","3","67.84"
"579000","3","46"
"569000","2","40"
"549000","3","52"
"579000","3","60"
"499000","3","49.47"
"519000","3","46"
"520000","3","62"
"570000","2","48"
"699000","3","49"
"520000","3","52"
"545000","3","56"
"395000","2","37.98"
"580000","3","58"
"1950000","3","90.14"
"435000","3","55.78"
"690000","2","51"
"715000","2","56"
"690000","3","63"
"630000","3","58.5"
"699000","3","64.75"
"2519960","5","172.6"
"1005000","2","67"
"780000","2","53"
"1100000","3","42.25"
"840000","4","74.2"
"899000","3","84"
"688341","2","34.59"
"990000","2","76"
"510000","3","45"
"999000","6","114"
"269000","2","33.6"
"619000","2","56.24"
"795000","2","45.29"
"750000","3","69.44"
"510000","3","49"
"629000","2","48"
"395000","2","37.9"
"538500","2","45.64"
"1285000","4","100"
"3990000","3","141"
"629000","2","37.21"
"535000","2","33.21"
"2576000","2","56"
"410000","2","31.54"
"415000","2","30"
"320000","1","24"
"529000","3","53.57"
"650000","3","69"
"599000","2","37.8"
"710000","2","48.88"
"650000","3","54.24"
"860000","3","74.5"
"449000","2","41.16"
"550000","3","67.98"
"1189000","2","68"
"550000","2","54"
"1154490","2","79.62"
"1470000","3","92"
"879000","2","55.13"
"379999","2","40"
"1190000","2","55"
"1392000","3","65.71"
"1910000","4","89.43"
"880000","2","50"
"510000","2","36"
"360000","2","34.57"
"449000","2","33.54"
"850000","2","65"
"419000","2","43"
"659000","1","33.04"
"575000","2","50.7"
"699000","2","53"
"549000","3","52.16"
"370000","2","41"
"2750000","10+","295"
"699000","4","78"
"660000","3","72.34"
"430000","2","44"
"900000","3","72.67"
"299000","2","32"
"450000","2","50.54"
"435000","2","43.6"
"499000","2","46"
"739999","4","72"
"1165000","4","74"
"520000","2","52"
"735000","3","68"
"705000","2","54"
"639000","3","62.3"
"599000","3","70"
"1920000","3","65.68"
"469999","2","55.49"
"300000","1","21.78"
"689000","2","49.66"
"970000","3","70"
"700000","3","67.75"
"430000","1","28.4"
"620000","3","73.3"
"440000","2","38"
"539000","3","62"
"329000","2","42.59"
"680000","3","48.4"
"590000","3","61.63"
"329000","3","42.07"
"468000","2","38"
"696200","3","58.9"
"429000","1","35"
"169000","1","20.57"
"499000","3","44.28"
"780000","3","66.24"
"599000","2","51"
"480000","2","45"
"609151","2","56.93"
"335000","1","37"
"475000","2","50.65"
"490000","3","49.3"
"914000","2","59"
"690000","4","73.1"
"670409","2","51.57"
"375000","2","37"
"511999","4","64"
"690000","3","54.74"
"649500","3","53.6"
"2750000","5","178.4"
"525000","2","37.75"
"295000","1","28"
"600000","2","52.25"
"750000","2","43"
"477900","1","28"
"380000","2","60.89"
"599000","2","48"
"427800","1","25"
"995000","2","59"
"1175000","6","117.5"
"649900","3","54.48"
"649000","2","57"
"500000","1","30"
"450000","2","40"
"950000","3","58.29"
"2295000","5","140.45"
"919300","3","63"
"1390000","4","108"
"999000","3","73.28"
"430000","2","41"
"580000","2","33"
"540000","3","38"
"665000","1","32.56"
"410000","1","31.5"
"499000","3","56"
"499239","1","19.89"
"505000","2","44.26"
"575000","2","32.6"
"300000","1","21.78"
"568000","2","44"
"549000","2","37.75"
"950000","2","49"
"417500","1","25"
"685000","2","49"
"799000","2","39"
"690000","2","51"
"1298500","3","70.5"
"647900","3","54"
"459000","2","37"
"696200","3","58.9"
"619000","3","66"
"640000","3","55"
"849000","5","87"
"549000","2","30.83"
"649000","3","56.88"
"567000","3","63"
"720000","3","59.74"
"667000","3","48"
"486000","4","54.28"
"849000","5","87.04"
"550000","3","58.7"
"1113600","5","92.8"
"922640","2","48.56"
"648600","2","47"
"737900","3","82"
"965000","3","69"
"530000","1","31.85"
"449000","2","41.16"
"519000","2","49"
"830000","3","56"
"1590000","3","100"
"780000","3","66.24"
"326720","1","24"
"759000","3","46"
"914000","2","59"
"836148","2","35.43"
"859000","3","78.16"
"469000","2","36.3"
"489000","3","52"
"499000","3","49.5"
"670500","4","74.5"
"649000","2","57"
"1350000","2","67.5"
"548000","3","61"
"465000","1","32.04"
"1179000","3","75.9"
"1049000","5","92.69"
"2300000","3","135"
"914000","2","59.02"
"680000","3","72.4"
"525000","2","48.41"
"469000","3","45"
"2900000","3","94"
"289000","2","26.6"
"615000","2","48.56"
"418000","2","33.43"
"579999","3","65"
"899000","2","73.5"
"649000","2","40.1"
"675000","3","65"
"679000","4","73.84"
"510000","3","50.77"
"437000","2","48.58"
"975250","3","58.75"
"590000","3","61.45"
"590000","2","50"
"489000","2","49.75"
"674000","3","56.8"
"1190000","2","52.49"
"735000","3","67.55"
"649500","3","60"
"669000","3","61.5"
"389000","2","48"
"950000","2","48.75"
"795000","3","64.6"
"259000","2","26.5"
"1298000","3","70.5"
"2490000","3","99.18"
"490000","2","47.86"
"679000","2","57"
"1050000","2","52.35"
"1999000","4","120.03"
"740000","2","48.88"
"743232","3","75.84"
"780000","2","60"
"2800000","3","135"
"720000","3","56"
"429000","2","36"
"559000","2","45"
"760000","3","82"
"914000","2","59.02"
"945000","1","38"
"1082900","2","61.88"
"417500","1","25"
"467600","1","28"
"914000","2","59.02"
"864000","4","91"
"950000","3","64"
"666029","3","73.19"
"792000","3","68"
"763000","3","46"
"775000","3","62"
"630000","3","57.79"
"630000","2","49"
"569000","2","50"
"2576000","2","56"
"735000","3","67.55"
"605000","3","63.3"
"450000","2","32.72"
"629000","2","38.5"
"1079000","2","61"
"360000","2","37"
"390000","1","18"
"640000","5","104"
"769000","3","66"
"680000","3","48.4"
"599000","3","65.77"
"900000","3","61.32"
"818000","2","57"
"550000","2","48"
"1100000","4","106"
"649000","3","49"
"649000","2","68.4"
"499900","2","46"
"760000","3","62.4"
"695000","2","51.4"
"959000","3","78.71"
"450000","2","37"
"800000","2","49.45"
"470000","2","45"
"849000","3","69"
"687500","3","56"
"457000","2","40.5"
"1199000","3","68.8"
"1390000","2","41.1"
"500000","3","51.53"
"569000","4","97.69"
"529000","2","42.61"
"479000","2","36"
"689000","3","57.11"
"489000","2","48.04"
"1190000","1","50.49"
"690000","2","43"
"1030000","5","96.54"
"599000","3","66"
"510000","4","47.7"
"390000","1","33"
"929000","3","73.85"
"405000","1","29.55"
"369000","1","26"
"1159455","4","70.27"
"785000","3","66.32"
"610000","2","51"
"1200000","4","85.74"
"970000","1","67.25"
"595000","2","35.77"
"1100000","3","75.3"
"663124","2","43.06"
"455000","2","55.5"
"420000","2","36"
"599000","3","65.77"
"495000","2","37"
"1090000","3","102"
"2600000","4","115"
"595000","3","56.56"
"595000","2","49.8"
"1240000","3","68"
"499000","3","55"
"1500000","3","97"
"733500","4","73.35"
"515000","3","51"
"990000","3","62.5"
"495000","2","37"
"520000","3","52"
"410000","2","40"
"890000","4","66"
"760000","3","62.4"
"815000","3","69"
"867182","3","73.49"
"485433","2","41.49"
"460000","3","46"
"510000","4","47.7"
"610000","2","50.94"
"890000","4","65.86"
"539000","3","62"
"820000","2","53"
"465000","1","42.1"
"1300000","3","71"
"399000","2","32.05"
"1159455","2","70.27"
"1085000","3","83.49"
"745000","3","68"
"491750","2","39.34"
"555000","3","57"
"1490000","3","99.4"
"1199000","3","75.9"
"629000","2","48"
"1190000","2","55"
"1870000","3","75"
"580000","2","46"
"505000","3","49.19"
"612000","3","65.35"
"454000","2","47"
"739000","2","60"
"640000","3","45"
"839000","2","56.67"
"990000","2","76"
"285000","1","30.53"
"932000","3","74.59"
"685000","2","36"
"880000","2","49"
"581520","2","48.46"
"950000","3","58"
"1154200","2","58"
"569000","2","51"
"495000","2","57.84"
"435000","2","39.26"
"1165000","4","74.23"
"710000","3","68.1"
"635000","3","55.93"
"411425","2","35.85"
"595000","2","50"
"635000","3","60.72"
"1850000","3","65"
"570000","2","48"
"545000","3","56"
"730000","3","61.25"
"518500","2","40"
"524880","3","58.32"
"530000","2","44"
"670000","4","62"
"619000","3","55.3"
"758000","3","69.3"
"550000","2","50.1"
"969000","2","45"
"1590000","3","60"
"598500","3","57"
"639000","4","89"
"650000","3","69.4"
"775000","4","60.1"
"570000","2","48"
"449000","2","41"
"649000","3","75"
"639000","3","66"
"660000","5","53"
"900000","3","84"
"1050000","2","76.37"
"407000","2","45"
"595000","2","49"
"749000","3","51.5"
"879000","3","53.5"
"590000","2","48.46"
"2300000","4","135"
"469000","2","37"
"995000","2","52"
"899000","3","73"
"599000","2","45"
"775000","3","62"
"749000","3","51"
"499000","2","44.2"
"838125","3","56.25"
"789000","3","62.05"
"489000","2","48.5"
"1629212","3","73.72"
"360000","2","34.57"
"579900","2","37"
"524000","3","44"
"649935","3","55.55"
"919000","3","74.9"
"465000","2","46"
"620000","3","61.48"
"1079000","4","108.75"
"859000","3","78.18"
"540000","2","44"
"479000","3","44"
"429000","2","35.5"
"799000","3","54.26"
"385000","1","36.6"
"1050000","2","52.35"
"795000","3","71.28"
"530000","2","41"
"775000","3","61.52"
"395000","2","34"
"529000","3","50.56"
"590000","2","48"
"529900","3","44.47"
"639000","2","44.06"
"399000","2","36.73"
"950000","3","58.29"
"639000","2","54.4"
"1450000","3","107"
"490000","2","46"
"469000","2","35"
"599367","1","24.87"
"844880","2","35.8"
"555000","2","52"
"429000","2","36.07"
"845000","3","61"
"549000","3","50"
"799000","4","74.2"
"680000","3","60"
"1860000","3","93.68"
"1743000","4","82.52"
"579000","3","53"
"570790","2","51.89"
"279000","2","31.3"
"1099000","4","105"
"4250000","5","170"
"599000","2","48"
"693264","2","52.52"
"1090000","2","43"
"745000","3","66.46"
"499000","2","45"
"595000","2","50"
"499000","2","38.8"
"500000","3","64"
"1030000","5","96.54"
"350000","2","33.96"
"710000","2","49"
"300000","1","21.78"
"600000","3","69.78"
"929000","3","70.4"
"525000","2","36.93"
"667000","3","48"
"550000","2","37"
"460000","3","54.24"
"689000","3","71"
"699000","2","72.5"
"745000","3","69.2"
"1190000","4","90"
"849000","3","63.46"
"1469000","5","98.07"
"750000","2","54.38"
"660000","2","50"
"550000","1","33.6"
"1100000","3","78.34"
"850000","2","65"
"470000","2","36"
"780000","3","65"
"690000","3","60"
"712800","1","33"
"975000","2","48.71"
"5310250","5","212.41"
"405000","1","29.55"
"170000","1","14.26"
"800000","1","30.87"
"775000","3","62"
"1434400","2","52.16"
"930000","4","68"
"699999","2","57"
"705733","3","54.48"
"1199000","4","91.11"
"1500000","2","83.45"
"699000","3","50"
"719000","3","48.3"
"559000","2","47.07"
"1029500","3","71"
"554999","3","63.4"
"549000","3","52.16"
"450000","2","44.8"
"729000","3","54.08"
"579000","2","39.5"
"1470000","3","92"
"672620","1","36"
"475000","4","71.95"
"765000","3","62"
"399000","2","36.8"
"280000","1","22.57"
"599000","2","46.33"
"620000","2","49"
"509000","2","48.29"
"550000","2","45.94"
"940000","4","79"
"450169","2","42.67"
"639000","4","89"
"720040","3","76.6"
"510000","3","49"
"1099000","3","74.62"
"679000","3","56.77"
"1950000","6","150"
"301742","1","30.79"
"599000","2","59.17"
"419000","2","43"
"549999","3","48"
"490000","2","49.5"
"474000","2","46"
"1110000","4","112"
"447000","2","41"
"389000","2","44"
"435000","2","36.35"
"697620","3","63.42"
"864000","4","91"
"471380","1","31.85"
"965000","3","69"
"699000","2","35.83"
"896000","3","73.5"
"1149000","3","68.1"
"510000","3","49"
"420000","2","36"
"745000","4","73"
"499000","2","39.3"
"861965","1","5785"
"1189000","2","60.1"
"365000","1","30"
"775000","3","62"
"555000","3","63.4"
"710000","3","64"
"460000","3","54"
"375000","2","41.51"
"589000","3","49.2"
"539000","2","41.53"
"448000","2","37"
"798000","3","76"
"335000","2","30.7"
"578000","2","53.3"
"1179000","3","76"
"859000","3","78.16"
"510000","3","49"
"859000","3","78.16"
"885980","3","57.16"
"1632000","3","102"
"115000","1","12.5"
"540000","3","38"
"789867","4","67.51"
"530000","3","57"
"419000","2","44"
"450000","1","37.27"
"255000","1","18"
"389000","2","44"
"447000","2","41"
"620000","2","54"
"456000","3","43"
"1899000","4","114"
"615000","2","46.3"
"117000","1","12.4"
"122000","1","12.9"
"347355","2","37.35"
"384870","2","40.46"
"710000","3","64"
"699000","3","63"
"1450000","3","92"
"1899000","4","114"
"390000","2","39.98"
"2300000","3","103"
"609000","2","42"
"579000","3","55.7"
"450000","2","45.3"
"1029000","3","75.9"
"899000","5","93.17"
"1475000","4","82"
"1240000","5","107"
"820000","2","52.33"
"839000","4","71"
"1100000","3","59.88"
"650000","2","56.8"
"1070000","3","69.14"
"841665","2","51.01"
"650000","4","54.45"
"899000","5","75"
"699000","3","55.6"
"900000","3","74"
"789000","2","53.04"
"1590000","4","96.96"
"399000","2","36"
"489000","3","71.2"
"583000","3","52"
"1600000","5","161"
"269000","1","25"
"610000","2","49.38"
"1690000","5","170"
"420000","2","36"
"3600000","3","140"
"468000","2","37"
"2800000","3","134.48"
"499000","1","27"
"585000","3","68.68"
"419000","2","38"
"899000","4","85"
"509000","3","48.29"
"650000","2","54.24"
"543692","2","49.88"
"659000","3","77.4"
"430000","1","32.5"
"799056","2","35.8"
"798947","2","35.43"
"595000","2","49.8"
"479000","2","44"
"999999","3","88"
"610000","3","59.5"
"499000","2","54.44"
"1479600","4","98"
"530000","2","54"
"877000","3","60.34"
"509000","2","51.18"
"967000","2","52.67"
"912000","3","48.18"
"1384000","3","107.04"
"690000","3","56"
"749000","3","51.5"
"570790","2","51.89"
"550000","2","50"
"389000","2","48"
"615000","2","49.18"
"2995000","3","132"
"483600","2","52"
"730000","2","40.09"
"550000","3","100"
"999000","5","94.54"
"499000","2","30"
"529000","2","41"
"539000","3","53.27"
"721118","3","68.03"
"829000","3","52.1"
"425000","2","37.43"
"445000","2","38.28"
"450000","3","53"
"739000","4","79"
"999000","5","96.54"
"850000","3","75.35"
"455000","2","39.19"
"1100000","3","124"
"1020000","3","74.8"
"1950000","3","90"
"2400000","7","160"
"692800","2","43.3"
"1897000","4","100"
"1244565","2","66"
"999999","4","96.54"
"560000","3","57"
"999000","3","113"
"319000","2","34.21"
"450000","1","22"
"489900","2","41.18"
"410000","2","45"
"392000","2","45"
"1899000","4","114"
"690566","3","47.79"
"429000","3","44"
"554900","3","46"
"170000","1","14.26"
"550000","2","50"
"475000","3","53"
"489000","1","33.35"
"569000","3","54.58"
"990000","3","61.18"
"495000","3","56"
"850000","3","64"
"740000","3","56.4"
"675000","3","64.14"
"465000","2","45"
"339000","1","30"
"569000","2","51.9"
"895000","3","73"
"1750000","4","151"
"530000","2","53"
"590000","2","45.43"
"629000","3","52.5"
"150034690","5","145"
"554999","3","63.5"
"700000","2","55"
"1030000","5","96.54"
"870200","2","38"
"569999","2","63.4"
"1349000","2","79"
"499000","2","36.93"
"1030000","5","97"
"449000","2","37"
"1899000","4","114"
"445000","3","46"
"615888","3","59.22"
"890000","3","66"
"795000","3","83.85"
"495000","2","46.38"
"734000","2","49"
"829000","3","58.71"
"554999","3","63.5"
"850000","2","68"